{"コン": -0.022178729659748334, "トリ": -0.04110424958520685, "ゴ": 0.014844234608381753, "フラ": 0.04743483525260505, "ジ": -0.022447538450146753, "アタ": -0.027403293541759414, "ァイ": -0.016164687705876948, "ゴン": 0.014110432098216769, "ナ": -0.02491605641395481, "ト": -0.44439661285359844, "ング": 0.032431338819007526, "シュ": 0.12135978496497049, "ド": 0.2050722856681446, "ブ": 0.09963107288160666, "ポ": -0.016444126976793975, "ア": -0.18380557008819895, "リッ": -0.023384020691601875, "ルド": 0.02479520751419841, "ム": -0.024893652947944604, "ケ": -0.013704606612606359, "レー": -0.014101449315013006, "エ": -0.02608783138774436, "メ": -0.016935225502601556, "ビ": -0.012989257953404495, "シー": 0.01699443163756177, "グラ": 0.05279818474172922, "アン": -0.019803755092965603, "ショ": 0.014950723384790223, "イン": -0.03074184357435745, "ス": 0.1269535127774641, "ーム": -0.019697622224253246, "リア": -0.019958422374795576, "ャ": 0.027716110393516787, "パ": -0.024154128433453874, "タッ": -0.027840438911673284, "ラー": 0.04132142036652237, "ファ": -0.019609902361058074, "ラゴ": 0.014317345685292733, "ンド": 0.03963354078361506, "ラ": 0.6404657456166866, "ェ": -0.021743777914503732, "セ": -0.015991711876002828, "ラル": 0.014853169621161842, "イア": -0.02026029340724861, "イ": -0.10243732929865725, "ウ": 0.013304405264285812, "ード": 0.036582288046897934, "ステ": 0.015704028698179367, "クリ": -0.014823766722113968, "アイ": -0.013207190339055177, "ルト": -0.0216915253738463, "ーシ": 0.013188616973335641, "アー": -0.013791407506534044, "シャ": 0.0346302080079562, "ーラ": 0.019091595222799344, "ブラ": 0.06258994501655195, "グ": 0.09219033381247997, "ラッ": 0.13599076837150895, "トロ": -0.013899777287632505, "レ": -0.09195189020640587, "ル": 0.04175994720587231, "スラ": 0.0506012747341095, "クア": -0.013550631867873811, "ール": 0.027116756362598037, "ライ": 0.10470581192378371, "ット": -0.09585283714688342, "シ": 0.20715713879490436, "トル": -0.01663998589739617, "コ": -0.03086271168868327, "クト": -0.02994763434056714, "ラス": 0.0473573504977209, "ント": -0.06125209761506391, "トレ": -0.020355204995551032, "トラ": 0.01948808082400793, "ラブ": 0.014892416683447917, "ッ": 0.02255987097263531, "トー": -0.02221034416392057, "ク": -0.09250102493352053, "リ": -0.15017085408814615, "ート": -0.06356439992813058, "クラ": 0.04730311854227079, "スト": -0.05238746558431212, "プ": 0.04144512000993456, "ァ": -0.021773183726640794, "ッド": 0.025556110155295908, "ン": -0.0628860176524214, "ドラ": 0.06361938466992577, "ィ": 0.023241230488863007, "プラ": 0.03952823376048293, "レイ": -0.040970877586231226, "イブ": 0.017189530367338585, "ュ": 0.1403000273926678, "タ": -0.05720745293029926, "ッシ": 0.11740651115409169, "ロ": -0.03657310629008171, "ョン": 0.014475693246663516, "ック": -0.04779524821765736, "イト": -0.031496610203632106, "ラン": 0.08259868460635966, "リー": -0.028923086595285533}