{"トリ": 0.024403229143856408, "ゴ": 0.018664618992990798, "イル": -0.018333214925791697, "ペ": -0.018735571002581726, "ジ": -0.04158174208662258, "アタ": 0.024611209861807988, "ーン": 0.01921944493192966, "ナ": -0.030408198265851002, "ト": 0.10529287104615163, "ング": 0.03731545685123663, "ャル": -0.019144012109261026, "シュ": -0.15455925276957702, "ド": 0.2058491656488571, "ブ": 0.08846997975548294, "ロ": 0.049626187215240036, "ウン": 0.016041945915457833, "リッ": 0.019150940355984084, "ジョ": -0.016320294915367985, "レー": -0.04243674888125609, "サ": 0.03852831180458563, "メ": 0.023398420829650504, "シー": -0.03358035905840969, "グラ": 0.03692459887021553, "アン": 0.022123364430830926, "ショ": -0.19799373339069135, "イン": -0.034975563986887045, "ス": -0.17409507831507479, "トラ": 0.03522100676980162, "リア": 0.018484542024051597, "イシ": -0.0176890249349099, "フレ": -0.02436717676534627, "ラー": 0.024632854249311983, "プレ": -0.026200909330299223, "リン": 0.021106582562607754, "ロー": 0.017044650951376947, "ンド": 0.06350624026728031, "クシ": -0.040675934642758524, "ー": 0.023430602924939564, "ラ": 0.3131348393355874, "ェ": -0.026810439042919878, "ソ": 0.01695060858099782, "ハ": 0.026328027916511176, "フ": -0.061288321159732755, "ュー": -0.059455154947251385, "イ": -0.21158435720744542, "ウ": 0.03230926789550893, "ード": 0.054226925687257725, "レッ": -0.0170031500286219, "ステ": -0.016525465136312926, "タッ": 0.02905965066965241, "ンチ": 0.02220093763837853, "ルト": 0.016734158265330725, "ーシ": -0.09417190158883079, "シャ": -0.08552759622275381, "ーラ": 0.015690521507413704, "ブラ": 0.051150506827947306, "グ": 0.08456294729355376, "ラッ": -0.03308397248982259, "ョッ": -0.05647531509486233, "ル": 0.039437225505008555, "レス": -0.017620892358374874, "マッ": -0.01814869093923533, "ャー": -0.025547611689220383, "ドリ": 0.015856988966012068, "ブレ": -0.02477281855852422, "ール": 0.017139329770013794, "ライ": 0.07962029491856251, "ット": -0.016242228858941235, "シ": -0.5740193881000243, "ルシ": -0.017797619492036298, "ア": 0.09854294519133057, "ラス": 0.026640940809123798, "ント": 0.023124724652114865, "ャ": -0.10091548438152878, "スマ": -0.01639741468679003, "ンシ": -0.03370057417851339, "ック": 0.07623155372856662, "ース": -0.024493510395526056, "ッ": -0.023276643992779567, "ク": 0.09078320293554454, "リ": 0.16519605949103833, "オ": 0.025468671763516786, "プ": -0.02640541742853337, "ラン": 0.06934506716590069, "ッド": 0.028389732354065438, "ン": 0.10212622199921251, "ドラ": 0.04329112468503667, "ョ": -0.2222625803987079, "レイ": -0.08384952014332632, "ュ": -0.20363218842870243, "タ": 0.03386639148746578, "イス": -0.01643579028448838, "ッシ": -0.12070136156140598, "バ": 0.03349104068215606, "ョン": -0.14028304262881586, "バー": 0.02253931615598603, "レ": -0.2164937393700302, "シン": -0.01753324657000635, "パン": 0.017273970308299542, "リー": 0.05105593565137295}