{"ロス": -0.022000027793839635, "トリ": 0.018635273266506245, "フラ": 0.018722323401263986, "スク": -0.03402250832452596, "ジ": -0.013982849691732996, "アタ": -0.03828555921144272, "ーン": -0.01669237934533898, "キ": -0.017750822075664918, "ト": 0.6187773714642334, "シュ": 0.07766793287781645, "ド": 0.08120888840351713, "ブ": 0.027903355080291375, "ピ": -0.013071966331954912, "パー": -0.017835129018666962, "ーク": -0.03182375955713242, "イク": -0.024727036732271772, "エ": -0.014961894704052223, "クス": -0.05647514208545957, "ルド": 0.016918046313699624, "ルネ": 0.012917484226662076, "メ": 0.02564061263382015, "トル": 0.031327006202080426, "ショ": 0.05457127441803343, "ス": -0.3789110402249977, "テ": -0.07512633408262812, "トラ": 0.05273476723068584, "リア": -0.013519832014636848, "クロ": -0.03359439728057893, "ャ": 0.014046670792935659, "パ": -0.04044374371322509, "キッ": -0.016419297261205636, "ラー": 0.014038131964679935, "ンス": -0.033204080465926614, "リン": -0.013904213135038021, "ラ": 0.2098647293851291, "スパ": -0.023728901666713088, "フ": 0.016761973885556128, "ュー": 0.016239179679114757, "イ": -0.06335144438359504, "ード": 0.026451473337707945, "パイ": -0.013640439093714263, "レッ": 0.015138210178854984, "ステ": -0.037162450442884486, "クリ": -0.04686704651318188, "アイ": -0.018868123729407167, "ルト": 0.03653535277935185, "ーシ": 0.017250687941113726, "アー": -0.019928574923540412, "シャ": 0.019103928334089214, "ブラ": 0.02800810781433311, "タッ": -0.03914884396059927, "ラッ": 0.04722153919235052, "ター": -0.04799009594518568, "ョッ": 0.03660835512065527, "ル": 0.1596031139606953, "リュ": -0.01272796758900649, "クア": -0.014854660896729883, "ンク": -0.015261494940934546, "ベ": 0.014450387100265565, "ティ": -0.039652715982200444, "ブレ": -0.012631963997683796, "ール": 0.03645284612339415, "レス": -0.013280509199528568, "ネ": 0.024426390606507507, "ライ": 0.05374939759283001, "ット": 0.16604876237054067, "シ": 0.17785847995162501, "マ": -0.023609959097928505, "ア": -0.16224036951417745, "ント": 0.057828873330397046, "ケッ": 0.014557046547129282, "ネー": 0.013597694609118567, "スタ": -0.053237803755767026, "トレ": 0.0163137774142493, "ース": -0.038988900958373436, "アク": -0.018849874037596158, "ッ": 0.13047404235155965, "トー": 0.013068062980445974, "ク": -0.3541049355703339, "イト": 0.046031673889387226, "ート": 0.1086233777685685, "スト": 0.07399400844864551, "プ": 0.01714666346166386, "ッド": 0.017516066140620127, "ン": -0.05993921629594129, "ドラ": 0.01790933664224973, "ィ": -0.061899529302650386, "ョ": 0.05098820515141825, "トン": 0.013581331661890487, "レイ": -0.017214232136145268, "ュ": 0.07173664198103137, "タ": -0.14318448679082213, "イス": -0.023424479140491623, "ッシ": 0.04941340526658988, "ロ": -0.032466147079457296, "ヒ": 0.018787533806978462, "ック": -0.1220919235776082, "リ": -0.081407358796657, "ラン": 0.018472718969602123, "リー": -0.020656476074275853}