{"ガ": 0.024296603955155385, "ディ": 0.01848797488010669, "ジ": 0.061431623302076264, "ハ": 0.028022105612119222, "キ": 0.03777469153775111, "ト": 0.21348352816394117, "ング": 0.051681563963889586, "シュ": 0.02807651365492567, "ド": 0.11768657447468202, "ブ": 0.07847825003970332, "ピ": 0.021533634471803762, "パー": 0.020126646738043628, "ーク": 0.01978180452663208, "イク": 0.01842700249714231, "サ": 0.04333885812507754, "ム": 0.05142236597622132, "クス": 0.0188682039709487, "チ": 0.042059630270549854, "レー": 0.023330925921688058, "エ": 0.045899261000322066, "ワ": 0.018691297130597667, "メ": 0.026321139763097544, "ミ": 0.025354647002229974, "ォー": 0.01834037934574572, "レ": 0.09825763278828477, "イン": 0.052942167913907295, "ス": 0.26727928608525764, "テ": 0.05677862483191455, "トラ": 0.01900748962179453, "ャ": 0.04357138409210445, "パ": 0.054522323340106635, "ニ": 0.03603776772540143, "ック": 0.058758196259413455, "ンス": 0.02383356412496547, "ファ": 0.02104061644082739, "バ": 0.05361150963760161, "ロー": 0.02597520076321323, "ンド": 0.02288176733264645, "ー": 0.5665438319504059, "ラ": 0.15922189754097257, "ェ": 0.037226054476197264, "ズ": 0.02215883743674387, "セ": 0.022038334413075938, "デ": 0.046756787622303675, "ーン": 0.023589095730989575, "フ": 0.10288892093040845, "ュー": 0.02552329759952965, "イ": 0.24463848571512442, "モ": 0.01657492598984534, "ナ": 0.0343678642728495, "ード": 0.033409335260111625, "ーシ": 0.018312503585127458, "シャ": 0.016244020156591203, "カ": 0.042278158023405246, "ーム": 0.025276926850826626, "グ": 0.08257415527048963, "ラッ": 0.0226623001570274, "ター": 0.0381783621265666, "ショ": 0.03223052624347818, "ル": 0.1881258532714514, "ダー": 0.01881092696909909, "ール": 0.04068877813596251, "ネ": 0.021014340821989573, "ライ": 0.03940875967069875, "ット": 0.03294500614353358, "シ": 0.11105144157414142, "マ": 0.05717175175861839, "コ": 0.03806362567436507, "ア": 0.12561087870257936, "ビ": 0.02884547184260882, "ント": 0.0226926343988224, "スタ": 0.023176821375291957, "ウ": 0.05063666914586355, "ダ": 0.045717397301113516, "ース": 0.03377795753602746, "ッ": 0.17779184374643403, "ボ": 0.029272971639592124, "ップ": 0.016522933593758848, "ク": 0.1801406898896354, "リ": 0.12019537095720402, "ート": 0.03346462308377206, "スト": 0.05652220284876555, "オ": 0.0384815255041496, "プ": 0.0614618220932529, "ァ": 0.028838894660541313, "ン": 0.39032284045538107, "ィ": 0.0694686964566407, "ョ": 0.04193913668592068, "レイ": 0.030110424657201405, "ュ": 0.0600251606039139, "タ": 0.08841385851370996, "ティ": 0.026799429850290806, "ッシ": 0.021819773928342726, "ロ": 0.06905125394228297, "ョン": 0.027301779790733064, "バー": 0.021002091077879138, "ージ": 0.017802688773497437, "ラン": 0.020834014140078464, "リー": 0.03060550982918043, "ォ": 0.02365676025980565}