{"コン": -0.015217305591286713, "マー": 0.016395235414448792, "アイ": -0.012888831702495765, "フラ": -0.014442473939322763, "ロー": 0.029280427567937025, "アタ": -0.013226549165840507, "リン": -0.015560097480011185, "キ": -0.013421285700107937, "ト": -0.10645980025575186, "ング": -0.07174409056311185, "シュ": -0.014663326934816501, "ンク": -0.013566789654285564, "ブ": -0.014787044056062421, "ープ": 0.012904455711947463, "パー": 0.025831205094552268, "ーク": 0.0207280290394528, "イク": -0.02456555803127573, "ム": 0.02098694703684958, "クス": -0.014966963275837955, "チ": -0.024286991870498327, "レー": 0.03259789596605621, "ィー": 0.016871514563283514, "ォー": 0.024491608817137845, "ニ": -0.02027546208916057, "アン": -0.02065283695439403, "ショ": -0.024379027970837408, "イン": -0.09333141723795191, "ダー": 0.016340915487579405, "テ": -0.024684976448260627, "ビー": 0.01628041477351123, "タッ": -0.015268856373863582, "ラー": 0.01396770887228718, "ンス": -0.036282500757601296, "サー": 0.014559734703682384, "ジ": -0.013194296176736883, "ンド": -0.03502134612374505, "ー": 0.7204803226245837, "ラ": -0.13961101983427138, "ェ": -0.022678332955620193, "ホー": 0.013777551971760503, "ータ": 0.023322118843588726, "セ": -0.01531472365319294, "デ": -0.01978936820685746, "ブラ": -0.01375171271045816, "フ": -0.02157932210367071, "イア": -0.014100387263550153, "ッシ": -0.02466312869204018, "イ": -0.2596464954233197, "ウ": -0.027942596336996434, "ード": 0.05073749406600579, "オー": 0.015208746001172608, "コー": 0.013269922301013747, "ンチ": -0.02140322643597655, "アー": 0.016205158419245046, "カー": 0.017561980600788753, "カ": 0.013621953205804452, "ーム": 0.03367248165915674, "グ": -0.08922022055631748, "ラッ": -0.021956370243151002, "ター": 0.04778425258994934, "オン": -0.013600803995805292, "ル": 0.053199120151028366, "ニン": -0.012969607778383194, "ャー": 0.013856235617714955, "ボー": 0.014667866855228221, "ス": -0.0703478305864873, "ュー": 0.026686389379863604, "ライ": -0.0557662916767501, "ット": -0.02998286375760412, "シ": -0.05264170447766803, "ア": -0.08023415463908252, "ント": -0.034103777938306636, "トラ": -0.026523500966618752, "ーブ": 0.015258162962920532, "ック": -0.06776000466457144, "ース": 0.04245443044681912, "ッ": -0.15882514771978168, "ク": -0.127462382367171, "イト": -0.019064152796010155, "ート": 0.035386830694352306, "スト": -0.02476353650581548, "プ": -0.018039887715932273, "ーパ": 0.015616622588263199, "ァ": -0.013797752989253478, "ン": -0.4848719929281582, "ィ": -0.025443725226131027, "ョ": -0.0267942675084407, "レイ": -0.026109626470209757, "ワー": 0.018834293663366947, "タ": 0.015272672616876657, "ール": 0.058172218698144526, "ザー": 0.01617812806175081, "ョン": -0.02001739587603816, "バー": 0.0222446826383491, "ージ": 0.01684671199807946, "リ": 0.016233674188762093, "ラン": -0.027685713571205976, "リー": 0.039633932986086154, "パン": -0.020357025804815902, "ォ": 0.021335112962964635}