{"コン": -0.0243923285062231, "トリ": 0.02610205255587249, "ガ": -0.014359497397264588, "スク": 0.019250460518059443, "ジ": -0.026745545721191557, "アタ": 0.03755592444566239, "ーン": -0.02818495459607075, "キ": 0.02169046745810997, "ト": 0.24127634300639936, "ング": -0.07755660138954144, "シュ": 0.03731758673811712, "ブ": 0.0371452028320551, "イク": 0.03156903165764626, "ンド": -0.02573339019432358, "リッ": 0.03180993964735137, "ンダ": -0.020621825678093092, "ム": 0.013487283454172185, "クス": 0.04579991506209688, "チ": -0.027344599307697656, "レー": -0.01529234484837433, "サ": -0.02636679582287406, "ンプ": -0.013503392880488187, "ェン": -0.012749055032172692, "アッ": 0.019034477446368228, "アン": -0.016060553158270888, "ィン": -0.01762495662801566, "ショ": -0.02189390924416988, "イン": -0.07582097413148156, "バッ": 0.013506256168006636, "ス": 0.30699753142332503, "ラ": 0.12163213993086787, "トラ": 0.037246615102597566, "ャ": -0.015650440922370935, "タッ": 0.043931520114770785, "ンス": -0.014801545165505295, "ンジ": -0.016024684675339598, "リン": -0.017952695196122803, "クル": 0.0184478796034495, "ー": -0.1540024893234165, "テ": 0.015869913263611663, "ェ": -0.021294720092965107, "ハ": -0.016379389122273585, "フ": -0.01293713113294147, "ウ": -0.022046817837956395, "ステ": 0.0177976338228512, "クリ": 0.018507540826265705, "ンチ": -0.0277466955418167, "ーシ": -0.025984512928741033, "ブラ": 0.020928179471495056, "グ": -0.08303383414502208, "ラッ": 0.05256550005253351, "ョッ": 0.01835463118257728, "ル": 0.02948604967583138, "ニッ": 0.013439930915571977, "スラ": 0.012762545375948718, "クア": 0.014515638697199244, "エン": -0.012698017288711658, "ダー": -0.012666497254822573, "ール": -0.013737973204756214, "ハン": -0.015654884347482544, "ライ": 0.019965336693847955, "ット": 0.07078316596975785, "コ": -0.02940729981465114, "ア": 0.0919577098362302, "ラス": 0.030555361916216175, "ンシ": -0.016768002096277317, "ント": -0.017534497599139384, "スタ": 0.014307681255677086, "オン": -0.014308484867044155, "ダ": -0.021528462786024095, "ース": 0.025017034364361073, "アク": 0.012991166120414212, "ッ": 0.41641716418107133, "キッ": 0.02233540985299384, "ージ": -0.012635703400677668, "ップ": 0.042141175461741155, "ボ": -0.013190941107987717, "ク": 0.36427566931538263, "ンフ": -0.01643866764346008, "ート": 0.017972222973892282, "クラ": 0.023553831227266127, "スト": 0.09926308414593847, "サン": -0.014481875207414204, "プ": 0.041577473905156585, "ッド": 0.02243862404826255, "ン": -0.5975395927843392, "ョ": -0.027835068893388604, "イ": -0.013756297126704292, "ュ": 0.029087064916586407, "タ": 0.046175975592588146, "ッシ": 0.03832474558586628, "ロ": 0.01441473694050393, "ョン": -0.04109911372937716, "ック": 0.2016005976745769, "ーク": 0.016194954561060373, "リ": 0.03880559401841424, "ラン": -0.02171439239784839, "ンタ": -0.012921281245891343, "パン": -0.02315372571339993, "ロッ": 0.015136217217740576}