{"イル": 0.022349025614016076, "ブレ": 0.020857471854543605, "ジ": -0.0541861370221238, "アタ": -0.045525863939468295, "ァイ": 0.01811624317309638, "ーン": -0.018283265982861372, "ナ": 0.02144894818027039, "ト": 0.20022780744773636, "シュ": -0.05881719368450796, "ド": -0.018237683695820434, "ブ": 0.039644409541094924, "ーク": -0.019882687886437447, "イク": 0.02925357488933014, "ニッ": -0.015843036778950454, "ム": 0.04222827913190026, "チ": -0.052890757295512354, "スピ": 0.013799380865944767, "アッ": -0.01860372768141931, "レ": 0.05779978782433006, "イン": 0.04158165064957104, "ス": 0.49922388113423166, "トラ": 0.04583192548468314, "ャ": -0.0456599156712349, "パ": -0.013264645652449393, "キッ": -0.033270699278229954, "ンス": 0.03468865822158384, "ファ": 0.02793327233811496, "リン": -0.014690467341365112, "クル": -0.014988793257407113, "クシ": -0.020922008809899983, "ー": -0.07807052109623981, "ラ": 0.1189344146154257, "スパ": 0.016646360199512936, "ィッ": -0.0174994245148618, "ハ": -0.013758593373455773, "ブラ": 0.01362506048423422, "フ": 0.07350685940807743, "ュー": -0.022986446648228322, "イ": 0.35649185458281163, "キ": -0.0530982032477615, "パイ": 0.014039477727491778, "レッ": -0.01364167864243536, "ステ": 0.01701266591065799, "アイ": 0.013999124797319726, "ンチ": -0.017553546004243928, "ーシ": -0.02827320494664069, "シャ": -0.01767036958420127, "ーム": 0.02033514747494752, "タッ": -0.05066841992107968, "ラッ": -0.04360592699549154, "イズ": 0.01309669527808605, "ョッ": -0.030450077294058856, "ル": 0.0753621145760034, "レス": 0.022079387736527574, "ンク": -0.013807230134379601, "ャー": -0.01709035291742278, "フェ": 0.01645970221809816, "クア": -0.01400842273065438, "ライ": 0.08502240139925274, "ット": -0.049507307484668646, "シ": -0.1863469193402793, "マ": -0.035000935733236496, "トス": 0.01578177900411395, "ア": -0.04326390491939943, "ラス": 0.04500744182399141, "バッ": -0.015726059514716274, "スタ": 0.029782760590567458, "バイ": 0.013198544193787035, "ンシ": -0.013422527707871803, "ース": 0.05800007093241352, "ッ": -0.45161439196407477, "ージ": -0.020179352265848268, "ップ": -0.03701843236152077, "トー": 0.023328875804912712, "ク": -0.28158036716489554, "ルス": 0.02174425056012602, "イト": 0.04091567323024958, "クラ": -0.01807501743619418, "スト": 0.16889265125922787, "ジッ": -0.01590781813924199, "プ": -0.046221956039529194, "パン": -0.013867691860501824, "ァ": 0.02868127262480677, "ッド": -0.025434624512584714, "ン": -0.1774226311311499, "ョ": -0.08712879829141881, "レイ": 0.04708643461259518, "イブ": 0.0138408547230861, "ュ": -0.08561969278886976, "タ": -0.03665801538617846, "イス": 0.03316106889730756, "ッシ": -0.06062207199622316, "ロ": -0.039356862601243436, "ョン": -0.047870375751085915, "ック": -0.21588110122148882, "イド": 0.015356449961402516, "リ": -0.07972480778586294, "ショ": -0.07246093279984096, "リッ": -0.02024809386834121, "ロッ": -0.019040330275203066}