{"コン": 0.027684824389839227, "トリ": 0.01595885870101982, "イル": -0.038336574385104974, "イナ": -0.02420611758859519, "アタ": -0.020265516077849578, "ァイ": -0.04728650617648305, "ーン": 0.015904686717157085, "ナ": -0.049469399731227895, "ト": 0.22397920690549505, "ング": 0.034246498165104486, "シュ": 0.019101613458677138, "ド": -0.17204735437931618, "ブ": -0.09577934210650967, "ケ": 0.016349651254577196, "ピ": 0.023612622802343906, "イド": -0.03500375952695213, "イク": -0.03310954981006048, "イヤ": -0.01864156048913421, "サ": -0.029051971164445776, "クス": 0.023415665288950786, "チ": 0.022762591749577343, "ルド": -0.029778006842450563, "ダイ": -0.02401779802430626, "アル": -0.019847244589673536, "ショ": 0.033669336094930946, "イン": -0.07420478199792542, "ス": 0.45350620187829943, "トラ": 0.019474302166820993, "マイ": -0.016858815829142174, "パ": 0.022450690849101528, "タッ": -0.02096620120258771, "ンス": 0.057280712953886405, "ファ": -0.04167528640776469, "リン": 0.02194933559149423, "クル": -0.02266604477251411, "ヤ": -0.019407375135378817, "テ": 0.03360253179253583, "ェ": -0.02523016857368768, "ブル": -0.015241417486491701, "ズ": -0.023220086003111883, "フ": -0.1217109984574225, "ュー": 0.020196850133328895, "イ": -0.5781707228773837, "ウ": -0.01985538659323785, "ード": -0.037539227377944684, "ュ": 0.0322635742528101, "ステ": 0.0261348838023129, "アイ": -0.03507913590048246, "ンチ": 0.01789666395941091, "ーシ": 0.016595861168409703, "グ": 0.03103847550379167, "キ": 0.016681265392006362, "ター": 0.02623046597653643, "イズ": -0.016069322558153108, "レ": -0.0942981282599136, "ル": -0.33877824477700075, "スラ": 0.015865520786151013, "イム": -0.016400078858438086, "ェイ": -0.01670862637797739, "ボー": -0.015110506841557582, "ブレ": -0.04155486205210475, "イア": -0.04040731389525144, "レス": 0.014564851672963171, "ライ": -0.07054868294800552, "ット": 0.041596403196776016, "シ": 0.04593144767572674, "コ": 0.036767760347648414, "ア": -0.1617893330019463, "ラス": 0.0398939513997302, "ント": 0.02168883117496187, "スタ": 0.04691524272057616, "バイ": -0.018347908238458856, "ダ": -0.019596432810340486, "ース": 0.05563877842969426, "サイ": -0.02799922578471654, "ボ": -0.018443088770193825, "トー": 0.022952085015333065, "ク": -0.10081819866623092, "イト": -0.03152764924801055, "ート": 0.03739796441009301, "スト": 0.13794665938230402, "フレ": -0.017206775073886134, "プ": 0.03187800338860794, "ァ": -0.05387809770241341, "ッド": -0.016290973449828373, "ン": 0.24582532705357787, "ドラ": -0.0270374114962492, "ィ": 0.01549667757788381, "ョ": 0.036862263298310965, "レイ": -0.09231378530139588, "イブ": -0.029327542942497415, "タイ": -0.0172771666127684, "ール": -0.07213620968503703, "バ": -0.01504996092739262, "ョン": 0.029251524102291065, "ック": -0.051477723543932284, "リ": 0.07386543003275439, "ラン": 0.023235006545993666, "パン": 0.019428101673709217, "リー": 0.020514153101739804}