{"ライ": 0.09898183166019904, "イル": -0.03186854094168322, "アル": -0.04089297798573441, "フル": -0.017676188027715582, "フォ": -0.015348784705816469, "ト": 0.06222415459797398, "ペ": -0.021983896676177478, "ャル": -0.01909499603299452, "ド": 0.057409959464627014, "ルー": -0.02925167411921467, "スペ": -0.018917584115975272, "ダー": 0.015480389894936133, "ェル": -0.02202884268337342, "イド": 0.020275277049105884, "イク": 0.037813240822569205, "ルド": -0.04108103731535099, "ム": 0.01818829608627637, "チ": -0.017797688140542847, "レー": 0.03224994429023367, "エ": -0.04879808798372345, "ィー": -0.01839159666071823, "メ": -0.024332290784496505, "ディ": -0.018419663186513453, "ォー": -0.01976171869488335, "レ": 0.10557020829514722, "イン": 0.0684123791258949, "フェ": -0.018105511664155537, "テ": -0.07391447950290672, "トラ": 0.018627272851956343, "リア": -0.016138493516981614, "ダイ": 0.015428083564010913, "ャ": -0.022017970238467816, "エル": -0.01757146401493561, "ブル": -0.035753764043460624, "ルフ": -0.03197236077360867, "ラー": 0.017435549392097117, "ナル": -0.014316892389323823, "ンス": -0.01664468914447906, "ファ": -0.018640749350612797, "バ": 0.023367254070575532, "クル": -0.03075359419443611, "ー": 0.18027738544565955, "ラ": 0.14887447001533596, "ェ": -0.04560199905114932, "セ": -0.015838455765180337, "デ": -0.03929455937253108, "ブラ": 0.0142293235822394, "フ": -0.09844143079745916, "イ": 0.33352321035583626, "ウ": -0.042258443092625636, "ード": 0.025750622147840414, "ステ": -0.02608048969853365, "フィ": -0.027291384744856494, "ルト": -0.03762222053797724, "ルク": -0.0184376601246619, "シャ": -0.015916026787010755, "カ": -0.03213023884791152, "ーム": 0.0177335155661646, "ニ": -0.021088642878429976, "ラッ": 0.015564829371071917, "ター": 0.020471296823784693, "イズ": 0.01515479797029136, "ル": -0.7951743123165456, "ルア": -0.017409036319396505, "ルシ": -0.015410345255802144, "カル": -0.03049076241076886, "ブレ": 0.03680085565026453, "ュー": 0.015644300805164192, "ネ": -0.015343959166712513, "ボル": -0.016202359355142644, "ット": 0.01733746384236692, "シ": -0.04478518148157203, "トル": -0.025738781818610147, "コ": -0.023479902634286738, "ア": -0.10302151144839124, "ミ": -0.02710863742772246, "ブ": 0.04603552997812157, "ッ": 0.04550568581484215, "ボ": -0.023112002783970586, "パ": 0.01537714858518878, "ク": 0.05018522495702, "ルス": -0.047895558385641766, "イト": 0.03483059773528131, "ート": 0.035908643690349504, "スト": 0.01817712983690597, "ス": -0.15388227179651862, "ァ": -0.029005375453149553, "ッド": 0.021582757938700955, "ン": -0.05531040454220691, "ドラ": 0.02516314257735598, "ィ": -0.10356550086716727, "レイ": 0.07461828260007386, "イブ": 0.021023967094655323, "ティ": -0.03966893590416915, "ール": -0.148821806870495, "ロ": 0.01807017774359797, "バー": 0.015673723643499615, "ォ": -0.028408689786670976, "ルテ": -0.019603241278975277, "リー": 0.02779150284548338}