{"フリ": 0.020986197289862084, "フォ": 0.03481894537630388, "ンド": -0.020539989189242328, "ンダ": -0.024549550636490454, "イル": -0.02298118916347798, "ディ": 0.03743693502445988, "フラ": 0.037790912535448376, "ジ": -0.03263198247707084, "アタ": 0.019686473100175718, "ァイ": 0.05299089143907592, "ハ": -0.02296637373677199, "キ": -0.02911769284836837, "ト": -0.018642503444706485, "ング": 0.05212794023335178, "シュ": 0.07855619005800937, "ド": -0.09719074442952115, "ブ": -0.07608883115609943, "サン": -0.02538659843280867, "ーク": -0.02840465114665506, "イク": -0.040277565158907236, "ム": 0.040143713138519714, "クス": -0.035710623818455876, "チ": -0.05008380864956833, "レー": -0.020372424778522087, "サ": -0.053310343229183085, "ィー": 0.02607433738443182, "アッ": 0.030137423887363648, "グラ": 0.0215058771850052, "アル": 0.032252446130842605, "ォー": 0.027109400180278846, "ニ": 0.026281998623862105, "アン": 0.05359966321326755, "レ": -0.05491312803164129, "イン": -0.04392568565716106, "ブレ": -0.035225118886236625, "テ": 0.07148424988796166, "リア": 0.07471530639857465, "クロ": -0.028850522034256604, "ャ": -0.028390901054964588, "パ": -0.061208470796984035, "キッ": -0.02394480551709265, "ュア": 0.022145657860677317, "ファ": 0.10241790122491422, "リン": 0.025786689222923775, "クル": -0.025185364366889076, "ー": -0.02009010667245021, "ラ": 0.12864089512829163, "ェ": 0.04150088018183384, "デ": 0.05278134516749484, "フ": 0.3835315911712702, "ュー": 0.04097570425739067, "ッシ": 0.05630413995761025, "イ": -0.07149821976231978, "ワ": -0.01937744105296954, "ード": -0.03385877655271816, "アイ": 0.041162673449775825, "フィ": 0.0549891321574556, "アー": 0.04839570652569662, "フェ": 0.04037345696101581, "グ": 0.08673867376104938, "ラッ": 0.04471654835609199, "ター": -0.028338078335965973, "ブル": -0.018396569484129332, "ル": -0.2106971664820565, "クア": 0.023222517064822836, "ダー": -0.03779891283101742, "イア": 0.06193944320975826, "ネ": -0.02381619921704311, "シ": 0.10427830257768603, "マ": -0.02694929116037314, "コ": -0.02308376738613286, "ア": 0.5931701546034661, "サイ": -0.019778388841908984, "ーフ": 0.023747884619043525, "リー": 0.06993953490784416, "ダ": -0.0687171096720112, "アク": 0.03233640664794032, "ッ": -0.049641883112341904, "ボ": -0.02931834033780825, "ク": -0.21164358201950534, "ンフ": 0.02828232536119359, "ート": 0.02433781907445626, "スト": -0.026989242556154786, "フレ": 0.03214358797284595, "ス": -0.0752163955552793, "ァ": 0.11139227536580973, "アリ": 0.027404905597290904, "ン": -0.1010690759365077, "ィ": 0.16799144494444362, "レイ": -0.0329170754838023, "ュ": 0.14160315951123945, "タ": -0.02860618734419331, "ティ": 0.05814132983206249, "ール": -0.035498371071248244, "ロ": -0.050807872181324105, "ック": -0.0966723527551896, "リ": 0.3315276396106626, "ィア": 0.03219199221804468, "パン": -0.018708040122325062, "ォ": 0.031022674904507396}